ID	Area	Title	Description
1	UI	UserName Label is not correct	The UserName Label should be on the right aligned.
2	UI	Password Label is not correct	The Password label should be on the right aligned.
3	UI	Submit Button position	The submit button should be on the center aligned
4	UI	Home Page : News webPart Positioning	The position of News webpart is wrong.  
5	UI	Home Page : carousel webpart positioning	The position of the Carousel webpart should be center aligned.
6	Business Logic	Login should happen on the ADFS	"Login should happen on the ADFS.  Now, it is taking AD Authentication"
7	Business Logic	News WebPart Sort Order	The News WebPart should be in the last modified order.
8	Business Logic	Carousel WebPart Data	The data for the carousel should be filtered with IsCarousel = true
9	Business Logic	News WebPart Data	The data for the news webpart should be displaying only the latest news.
